algo,type,u,v,time_ms,cpu_ms,rss_mb,dist_km,path_nodes,ok
dijkstra,short,3737958830,588520665,0.925,0.0,,0.64569,10,1
bellman_ford,short,3737958830,588520665,2055.87,2062.5,,0.64569,10,1
bmssp,short,3737958830,588520665,0.406,0.0,,0.64569,10,1
dijkstra,short,30983350,30983238,0.947,0.0,,0.81885,9,1
bellman_ford,short,30983350,30983238,1445.652,1437.5,,0.81885,9,1
bmssp,short,30983350,30983238,0.542,0.0,,0.81885,9,1
dijkstra,short,30970766,30965746,0.316,0.0,,0.42617,11,1
bellman_ford,short,30970766,30965746,1520.917,1468.75,,0.42617,11,1
bmssp,short,30970766,30965746,0.272,0.0,,0.42617,11,1
dijkstra,short,441233554,4427168063,1.136,0.0,,0.8484,18,1
bellman_ford,short,441233554,4427168063,2855.558,2796.875,,0.8484,18,1
bmssp,short,441233554,4427168063,1.897,0.0,,0.8484,18,1
dijkstra,short,30984841,30965858,2.336,0.0,,0.83928,11,1
bellman_ford,short,30984841,30965858,4766.889,4671.875,,0.83928,11,1
bmssp,short,30984841,30965858,1.457,0.0,,0.83928,11,1
dijkstra,short,12464280259,30970701,2.289,15.625,,0.71628,13,1
bellman_ford,short,12464280259,30970701,3942.418,3718.75,,0.71628,13,1
bmssp,short,12464280259,30970701,1.38,0.0,,0.71628,13,1
dijkstra,short,11529579610,9879412666,0.623,0.0,,0.53229,6,1
bellman_ford,short,11529579610,9879412666,5110.36,4921.875,,0.53229,6,1
bmssp,short,11529579610,9879412666,0.198,0.0,,0.53229,6,1
dijkstra,short,3815603528,448035402,1.047,0.0,,0.94669,16,1
bellman_ford,short,3815603528,448035402,2517.384,2500.0,,0.94669,16,1
bmssp,short,3815603528,448035402,0.387,15.625,,0.94669,16,1
dijkstra,short,4427168060,967570726,0.454,0.0,,0.61063,10,1
bellman_ford,short,4427168060,967570726,2267.759,2250.0,,0.61063,10,1
bmssp,short,4427168060,967570726,0.632,0.0,,0.61063,10,1
dijkstra,short,2510761413,448037122,0.497,0.0,,0.42635,6,1
bellman_ford,short,2510761413,448037122,2189.697,2187.5,,0.42635,6,1
bmssp,short,2510761413,448037122,0.2,0.0,,0.42635,6,1
dijkstra,short,31003063,31003041,0.577,0.0,,0.95772,14,1
bellman_ford,short,31003063,31003041,1257.702,1234.375,,0.95772,14,1
bmssp,short,31003063,31003041,0.455,0.0,,0.95772,14,1
dijkstra,short,5599453148,7009651272,0.166,0.0,,0.47875,8,1
bellman_ford,short,5599453148,7009651272,1623.182,1578.125,,0.47875,8,1
bmssp,short,5599453148,7009651272,0.216,0.0,,0.47875,8,1
dijkstra,short,4437825676,1005765336,0.472,0.0,,0.69412,12,1
bellman_ford,short,4437825676,1005765336,1695.681,1687.5,,0.69412,12,1
bmssp,short,4437825676,1005765336,0.246,0.0,,0.69412,12,1
dijkstra,short,12428174530,4431946117,0.899,0.0,,0.91494,12,1
bellman_ford,short,12428174530,4431946117,1634.146,1625.0,,0.91494,12,1
bmssp,short,12428174530,4431946117,0.458,0.0,,0.91494,12,1
dijkstra,short,4429021321,10838989166,0.545,0.0,,0.61283,18,1
bellman_ford,short,4429021321,10838989166,1860.719,1812.5,,0.61283,18,1
bmssp,short,4429021321,10838989166,0.39,0.0,,0.61283,18,1
dijkstra,short,4616381613,5600926427,0.368,0.0,,0.46507,8,1
bellman_ford,short,4616381613,5600926427,1937.851,1921.875,,0.46507,8,1
bmssp,short,4616381613,5600926427,0.239,0.0,,0.46507,8,1
dijkstra,short,13403234985,4429131573,0.198,0.0,,0.4823,10,1
bellman_ford,short,13403234985,4429131573,2364.27,2359.375,,0.4823,10,1
bmssp,short,13403234985,4429131573,0.151,0.0,,0.4823,10,1
dijkstra,short,993167524,803941395,0.519,0.0,,0.54923,9,1
bellman_ford,short,993167524,803941395,1325.298,1312.5,,0.54923,9,1
bmssp,short,993167524,803941395,0.501,15.625,,0.54923,9,1
dijkstra,short,30984105,30964952,0.98,0.0,,0.92061,8,1
bellman_ford,short,30984105,30964952,1552.953,1531.25,,0.92061,8,1
bmssp,short,30984105,30964952,0.684,0.0,,0.92061,8,1
dijkstra,short,5599365482,3279451392,0.085,0.0,,0.22128,6,1
bellman_ford,short,5599365482,3279451392,1512.756,1500.0,,0.22128,6,1
bmssp,short,5599365482,3279451392,0.179,0.0,,0.22128,6,1
dijkstra,short,30986286,4293677505,0.222,0.0,,0.34728,6,1
bellman_ford,short,30986286,4293677505,1576.485,1578.125,,0.34728,6,1
bmssp,short,30986286,4293677505,0.197,0.0,,0.34728,6,1
dijkstra,short,1006743621,1006743598,1.035,0.0,,0.79759,12,1
bellman_ford,short,1006743621,1006743598,1843.681,1843.75,,0.79759,12,1
bmssp,short,1006743621,1006743598,0.412,0.0,,0.79759,12,1
dijkstra,short,30986028,30985470,0.263,0.0,,0.39396,9,1
bellman_ford,short,30986028,30985470,1547.179,1531.25,,0.39396,9,1
bmssp,short,30986028,30985470,0.248,0.0,,0.39396,9,1
dijkstra,short,1006743706,7932068807,0.873,0.0,,0.81108,13,1
bellman_ford,short,1006743706,7932068807,2138.946,2125.0,,0.81108,13,1
bmssp,short,1006743706,7932068807,0.589,0.0,,0.81108,13,1
dijkstra,short,30965846,5600850767,1.256,0.0,,0.79284,13,1
bellman_ford,short,30965846,5600850767,1205.662,1218.75,,0.79284,13,1
bmssp,short,30965846,5600850767,0.501,0.0,,0.79284,13,1
dijkstra,short,3710880429,30964117,1.059,0.0,,0.88049,14,1
bellman_ford,short,3710880429,30964117,1353.635,1328.125,,0.88049,14,1
bmssp,short,3710880429,30964117,0.542,0.0,,0.88049,14,1
dijkstra,short,6992214344,3269170178,0.342,0.0,,0.64498,10,1
bellman_ford,short,6992214344,3269170178,1642.172,1640.625,,0.64498,10,1
bmssp,short,6992214344,3269170178,0.315,0.0,,0.64498,10,1
dijkstra,short,4437859302,5599365404,1.056,0.0,,0.77569,16,1
bellman_ford,short,4437859302,5599365404,1762.335,1734.375,,0.77569,16,1
bmssp,short,4437859302,5599365404,0.418,0.0,,0.77569,16,1
dijkstra,short,444056896,4293765261,0.262,0.0,,0.44236,10,1
bellman_ford,short,444056896,4293765261,1906.601,1875.0,,0.44236,10,1
bmssp,short,444056896,4293765261,0.57,0.0,,0.44236,10,1
dijkstra,short,4437825630,6868138480,0.721,0.0,,0.65183,13,1
bellman_ford,short,4437825630,6868138480,4845.428,4609.375,,0.65183,13,1
bmssp,short,4437825630,6868138480,0.345,0.0,,0.65183,13,1
dijkstra,short,5600850530,5600850434,0.465,0.0,,0.47543,9,1
bellman_ford,short,5600850530,5600850434,1950.259,1953.125,,0.47543,9,1
bmssp,short,5600850530,5600850434,0.21,0.0,,0.47543,9,1
dijkstra,short,4328704979,31002599,0.771,0.0,,0.76236,16,1
bellman_ford,short,4328704979,31002599,1463.497,1468.75,,0.76236,16,1
bmssp,short,4328704979,31002599,0.411,0.0,,0.76236,16,1
dijkstra,short,6238179981,6238179938,0.196,0.0,,0.91965,9,1
bellman_ford,short,6238179981,6238179938,1820.922,1812.5,,0.91965,9,1
bmssp,short,6238179981,6238179938,0.304,0.0,,0.91965,9,1
dijkstra,short,30965863,993167500,0.942,0.0,,0.74499,5,1
bellman_ford,short,30965863,993167500,1144.058,1156.25,,0.74499,5,1
bmssp,short,30965863,993167500,0.54,0.0,,0.74499,5,1
dijkstra,short,10809754813,7932068796,0.831,0.0,,0.79655,11,1
bellman_ford,short,10809754813,7932068796,2245.286,2234.375,,0.79655,11,1
bmssp,short,10809754813,7932068796,0.297,0.0,,0.79655,11,1
dijkstra,short,30984122,966367416,1.1,0.0,,0.97697,18,1
bellman_ford,short,30984122,966367416,1442.668,1453.125,,0.97697,18,1
bmssp,short,30984122,966367416,0.738,0.0,,0.97697,18,1
dijkstra,short,4431946032,30963941,0.973,0.0,,0.87933,15,1
bellman_ford,short,4431946032,30963941,1851.056,1828.125,,0.87933,15,1
bmssp,short,4431946032,30963941,0.747,15.625,,0.87933,15,1
dijkstra,short,5078105949,5600851079,0.365,0.0,,0.70805,11,1
bellman_ford,short,5078105949,5600851079,1434.019,1421.875,,0.70805,11,1
bmssp,short,5078105949,5600851079,0.244,0.0,,0.70805,11,1
dijkstra,short,3707267875,4993672691,0.254,0.0,,0.30347,9,1
bellman_ford,short,3707267875,4993672691,1255.733,1265.625,,0.30347,9,1
bmssp,short,3707267875,4993672691,0.243,0.0,,0.30347,9,1
dijkstra,short,437567281,10577277836,1.141,0.0,,0.89226,17,1
bellman_ford,short,437567281,10577277836,1843.406,1843.75,,0.89226,17,1
bmssp,short,437567281,10577277836,0.852,0.0,,0.89226,17,1
dijkstra,short,4439307418,30962676,1.087,0.0,,0.98757,21,1
bellman_ford,short,4439307418,30962676,1574.912,1578.125,,0.98757,21,1
bmssp,short,4439307418,30962676,0.567,0.0,,0.98757,21,1
dijkstra,short,30984709,4428262048,1.342,0.0,,0.75887,9,1
bellman_ford,short,30984709,4428262048,1112.02,1109.375,,0.75887,9,1
bmssp,short,30984709,4428262048,0.631,0.0,,0.75887,9,1
dijkstra,short,30963653,3089639243,0.81,0.0,,0.68984,8,1
bellman_ford,short,30963653,3089639243,1297.775,1312.5,,0.68984,8,1
bmssp,short,30963653,3089639243,0.482,0.0,,0.68984,8,1
dijkstra,short,5390364918,6556642454,0.131,0.0,,0.54535,8,1
bellman_ford,short,5390364918,6556642454,1642.035,1640.625,,0.54535,8,1
bmssp,short,5390364918,6556642454,0.152,0.0,,0.54535,8,1
dijkstra,short,9412997371,4434663572,0.33,0.0,,0.52704,11,1
bellman_ford,short,9412997371,4434663572,1366.593,1359.375,,0.52704,11,1
bmssp,short,9412997371,4434663572,0.453,0.0,,0.52704,11,1
dijkstra,short,4436951167,6556642475,0.557,0.0,,0.80459,8,1
bellman_ford,short,4436951167,6556642475,2013.364,2000.0,,0.80459,8,1
bmssp,short,4436951167,6556642475,0.271,0.0,,0.80459,8,1
dijkstra,short,5599321929,438566246,1.299,0.0,,0.9373,13,1
bellman_ford,short,5599321929,438566246,2122.716,2125.0,,0.9373,13,1
bmssp,short,5599321929,438566246,0.802,0.0,,0.9373,13,1
dijkstra,short,10798231994,995446224,0.88,0.0,,0.57874,12,1
bellman_ford,short,10798231994,995446224,1993.001,1968.75,,0.57874,12,1
bmssp,short,10798231994,995446224,0.66,0.0,,0.57874,12,1
dijkstra,short,6992803088,4427197727,0.197,0.0,,0.28825,9,1
bellman_ford,short,6992803088,4427197727,2594.472,2578.125,,0.28825,9,1
bmssp,short,6992803088,4427197727,0.245,0.0,,0.28825,9,1
dijkstra,short,10566564502,1014233849,0.771,0.0,,0.49628,12,1
bellman_ford,short,10566564502,1014233849,2377.24,2375.0,,0.49628,12,1
bmssp,short,10566564502,1014233849,0.494,15.625,,0.49628,12,1
dijkstra,medium,30984397,3707248164,17.674,15.625,,3.48974,70,1
bellman_ford,medium,30984397,3707248164,2133.06,2125.0,,3.48974,70,1
bmssp,medium,30984397,3707248164,7.491,15.625,,3.48974,70,1
dijkstra,medium,4328706311,4590287365,6.894,0.0,,2.35741,29,1
bellman_ford,medium,4328706311,4590287365,2090.868,2093.75,,2.35741,29,1
bmssp,medium,4328706311,4590287365,3.329,0.0,,2.35741,29,1
dijkstra,medium,2640481555,2634731100,2.114,0.0,,1.12324,17,1
bellman_ford,medium,2640481555,2634731100,1920.895,1921.875,,1.12324,17,1
bmssp,medium,2640481555,2634731100,1.142,0.0,,1.12324,17,1
dijkstra,medium,5599321837,967570602,3.933,15.625,,1.91908,37,1
bellman_ford,medium,5599321837,967570602,3476.254,3453.125,,1.91908,37,1
bmssp,medium,5599321837,967570602,1.84,0.0,,1.91908,37,1
dijkstra,medium,2510761427,4616381609,14.633,15.625,,2.87046,34,1
bellman_ford,medium,2510761427,4616381609,3188.39,3187.5,,2.87046,34,1
bmssp,medium,2510761427,4616381609,5.146,15.625,,2.87046,34,1
dijkstra,medium,5599365416,1003912028,6.258,0.0,,2.25701,36,1
bellman_ford,medium,5599365416,1003912028,2655.283,2640.625,,2.25701,36,1
bmssp,medium,5599365416,1003912028,2.858,0.0,,2.25701,36,1
dijkstra,medium,12605494586,3269239342,3.092,15.625,,1.36519,17,1
bellman_ford,medium,12605494586,3269239342,2341.924,2312.5,,1.36519,17,1
bmssp,medium,12605494586,3269239342,1.624,15.625,,1.36519,17,1
dijkstra,medium,3737958834,10806634538,3.071,0.0,,2.78512,20,1
bellman_ford,medium,3737958834,10806634538,2494.846,2484.375,,2.78512,20,1
bmssp,medium,3737958834,10806634538,1.537,15.625,,2.78512,20,1
dijkstra,medium,31003210,5601181332,10.294,0.0,,2.87267,42,1
bellman_ford,medium,31003210,5601181332,1953.4,1937.5,,2.87267,42,1
bmssp,medium,31003210,5601181332,10.459,15.625,,2.87267,42,1
dijkstra,medium,3709406592,1003782575,19.585,15.625,,3.15982,39,1
bellman_ford,medium,3709406592,1003782575,2014.153,2015.625,,3.15982,39,1
bmssp,medium,3709406592,1003782575,5.303,15.625,,3.15982,39,1
dijkstra,medium,1006743600,4427155025,8.192,0.0,,2.67562,43,1
bellman_ford,medium,1006743600,4427155025,3560.787,3531.25,,2.67562,43,1
bmssp,medium,1006743600,4427155025,3.658,0.0,,2.67562,43,1
dijkstra,medium,4437825640,5599453339,3.181,15.625,,1.30102,29,1
bellman_ford,medium,4437825640,5599453339,2418.028,2406.25,,1.30102,29,1
bmssp,medium,4437825640,5599453339,1.516,15.625,,1.30102,29,1
dijkstra,medium,5667761089,10939395541,1.318,0.0,,3.45534,27,1
bellman_ford,medium,5667761089,10939395541,3040.404,3031.25,,3.45534,27,1
bmssp,medium,5667761089,10939395541,0.73,0.0,,3.45534,27,1
dijkstra,medium,2510744401,5599321972,7.144,15.625,,1.9848,37,1
bellman_ford,medium,2510744401,5599321972,2595.154,2578.125,,1.9848,37,1
bmssp,medium,2510744401,5599321972,4.614,0.0,,1.9848,37,1
dijkstra,medium,5599321933,4119436674,7.168,15.625,,1.85865,27,1
bellman_ford,medium,5599321933,4119436674,2744.323,2718.75,,1.85865,27,1
bmssp,medium,5599321933,4119436674,2.877,15.625,,1.85865,27,1
dijkstra,medium,1010592956,2510721589,12.612,15.625,,2.80307,28,1
bellman_ford,medium,1010592956,2510721589,2253.443,2250.0,,2.80307,28,1
bmssp,medium,1010592956,2510721589,5.645,0.0,,2.80307,28,1
dijkstra,medium,3710764074,30984920,9.418,15.625,,2.16307,26,1
bellman_ford,medium,3710764074,30984920,2053.006,2046.875,,2.16307,26,1
bmssp,medium,3710764074,30984920,4.241,0.0,,2.16307,26,1
dijkstra,medium,2357196146,3076193612,8.776,15.625,,3.24048,31,1
bellman_ford,medium,2357196146,3076193612,2218.296,2187.5,,3.24048,31,1
bmssp,medium,2357196146,3076193612,3.775,0.0,,3.24048,31,1
dijkstra,medium,4431946043,5737606721,5.283,15.625,,2.00084,30,1
bellman_ford,medium,4431946043,5737606721,2676.251,2656.25,,2.00084,30,1
bmssp,medium,4431946043,5737606721,3.139,0.0,,2.00084,30,1
dijkstra,medium,30985399,4477389090,7.987,15.625,,2.44489,34,1
bellman_ford,medium,30985399,4477389090,2200.354,2203.125,,2.44489,34,1
bmssp,medium,30985399,4477389090,3.199,0.0,,2.44489,34,1
dijkstra,medium,30986577,993167646,4.78,0.0,,1.77983,28,1
bellman_ford,medium,30986577,993167646,2047.516,2031.25,,1.77983,28,1
bmssp,medium,30986577,993167646,2.28,0.0,,1.77983,28,1
dijkstra,medium,7571887652,5600925397,11.148,15.625,,2.82491,43,1
bellman_ford,medium,7571887652,5600925397,2759.786,2750.0,,2.82491,43,1
bmssp,medium,7571887652,5600925397,5.107,0.0,,2.82491,43,1
dijkstra,medium,3739432952,4427145311,5.364,0.0,,3.20894,50,1
bellman_ford,medium,3739432952,4427145311,3362.749,3359.375,,3.20894,50,1
bmssp,medium,3739432952,4427145311,3.252,0.0,,3.20894,50,1
dijkstra,medium,6992268556,4017869138,4.654,0.0,,1.83875,37,1
bellman_ford,medium,6992268556,4017869138,2532.899,2531.25,,1.83875,37,1
bmssp,medium,6992268556,4017869138,1.801,15.625,,1.83875,37,1
dijkstra,medium,1003912102,4437825597,6.522,0.0,,1.88572,22,1
bellman_ford,medium,1003912102,4437825597,1853.502,1843.75,,1.88572,22,1
bmssp,medium,1003912102,4437825597,2.741,0.0,,1.88572,22,1
dijkstra,medium,30963257,1428107843,12.941,15.625,,3.1239,27,1
bellman_ford,medium,30963257,1428107843,1909.123,1890.625,,3.1239,27,1
bmssp,medium,30963257,1428107843,5.917,0.0,,3.1239,27,1
dijkstra,medium,1004236696,5599365443,3.261,15.625,,1.48866,21,1
bellman_ford,medium,1004236696,5599365443,1774.027,1765.625,,1.48866,21,1
bmssp,medium,1004236696,5599365443,1.624,0.0,,1.48866,21,1
dijkstra,medium,1010593031,5599322047,7.239,15.625,,2.06949,28,1
bellman_ford,medium,1010593031,5599322047,2437.535,2421.875,,2.06949,28,1
bmssp,medium,1010593031,5599322047,3.33,0.0,,2.06949,28,1
dijkstra,medium,5599365021,10568976471,7.147,15.625,,3.05011,46,1
bellman_ford,medium,5599365021,10568976471,2787.986,2781.25,,3.05011,46,1
bmssp,medium,5599365021,10568976471,3.59,0.0,,3.05011,46,1
dijkstra,medium,5145345825,959454325,6.107,15.625,,2.347,42,1
bellman_ford,medium,5145345825,959454325,2288.406,2281.25,,2.347,42,1
bmssp,medium,5145345825,959454325,2.818,0.0,,2.347,42,1
dijkstra,medium,2357196191,4435414259,8.691,15.625,,3.43335,43,1
bellman_ford,medium,2357196191,4435414259,2232.981,2234.375,,3.43335,43,1
bmssp,medium,2357196191,4435414259,4.044,0.0,,3.43335,43,1
dijkstra,medium,10809754812,4119436683,6.959,15.625,,2.7089,43,1
bellman_ford,medium,10809754812,4119436683,3279.543,3265.625,,2.7089,43,1
bmssp,medium,10809754812,4119436683,3.478,15.625,,2.7089,43,1
dijkstra,medium,30970737,5600850949,11.375,15.625,,2.51535,42,1
bellman_ford,medium,30970737,5600850949,1653.411,1640.625,,2.51535,42,1
bmssp,medium,30970737,5600850949,10.686,15.625,,2.51535,42,1
dijkstra,medium,5599321972,1004136870,23.046,31.25,,3.40187,51,1
bellman_ford,medium,5599321972,1004136870,2901.743,2890.625,,3.40187,51,1
bmssp,medium,5599321972,1004136870,5.004,15.625,,3.40187,51,1
dijkstra,medium,10819165593,3707279896,8.196,0.0,,2.57738,48,1
bellman_ford,medium,10819165593,3707279896,2483.458,2437.5,,2.57738,48,1
bmssp,medium,10819165593,3707279896,3.622,0.0,,2.57738,48,1
dijkstra,medium,3709406594,3707242449,7.4,15.625,,2.82894,56,1
bellman_ford,medium,3709406594,3707242449,2100.878,2062.5,,2.82894,56,1
bmssp,medium,3709406594,3707242449,3.404,15.625,,2.82894,56,1
dijkstra,medium,5600979086,5391717414,3.121,0.0,,2.20651,23,1
bellman_ford,medium,5600979086,5391717414,2044.012,2031.25,,2.20651,23,1
bmssp,medium,5600979086,5391717414,1.6,0.0,,2.20651,23,1
dijkstra,medium,30965862,3707271606,12.448,15.625,,3.04042,59,1
bellman_ford,medium,30965862,3707271606,1692.665,1671.875,,3.04042,59,1
bmssp,medium,30965862,3707271606,5.605,0.0,,3.04042,59,1
dijkstra,medium,4431882669,4427168067,10.936,15.625,,2.92526,45,1
bellman_ford,medium,4431882669,4427168067,2826.567,2812.5,,2.92526,45,1
bmssp,medium,4431882669,4427168067,4.962,0.0,,2.92526,45,1
dijkstra,medium,993167901,4328706297,3.304,15.625,,1.30419,17,1
bellman_ford,medium,993167901,4328706297,1825.318,1812.5,,1.30419,17,1
bmssp,medium,993167901,4328706297,1.265,15.625,,1.30419,17,1
dijkstra,medium,3707242434,30962840,3.206,0.0,,2.14762,39,1
bellman_ford,medium,3707242434,30962840,2769.24,2750.0,,2.14762,39,1
bmssp,medium,3707242434,30962840,1.402,0.0,,2.14762,39,1
dijkstra,medium,5599321895,30963987,15.561,15.625,,3.07667,33,1
bellman_ford,medium,5599321895,30963987,2469.745,2468.75,,3.07667,33,1
bmssp,medium,5599321895,30963987,6.169,15.625,,3.07667,33,1
dijkstra,medium,8051524314,5599321882,2.456,0.0,,1.32161,17,1
bellman_ford,medium,8051524314,5599321882,2836.258,2812.5,,1.32161,17,1
bmssp,medium,8051524314,5599321882,1.36,0.0,,1.32161,17,1
dijkstra,medium,30970879,5272408215,18.585,15.625,,3.49364,32,1
bellman_ford,medium,30970879,5272408215,2526.609,2515.625,,3.49364,32,1
bmssp,medium,30970879,5272408215,7.908,0.0,,3.49364,32,1
dijkstra,medium,6357318491,3269239337,7.943,15.625,,3.30974,60,1
bellman_ford,medium,6357318491,3269239337,2657.598,2656.25,,3.30974,60,1
bmssp,medium,6357318491,3269239337,3.575,0.0,,3.30974,60,1
dijkstra,medium,3251924289,4295416687,9.96,15.625,,2.51627,51,1
bellman_ford,medium,3251924289,4295416687,2759.358,2750.0,,2.51627,51,1
bmssp,medium,3251924289,4295416687,4.465,15.625,,2.51627,51,1
dijkstra,medium,10245739440,1428107887,13.144,0.0,,3.36449,53,1
bellman_ford,medium,10245739440,1428107887,2055.108,2046.875,,3.36449,53,1
bmssp,medium,10245739440,1428107887,5.902,0.0,,3.36449,53,1
dijkstra,medium,4427159357,438135608,7.495,15.625,,2.04553,22,1
bellman_ford,medium,4427159357,438135608,2804.854,2765.625,,2.04553,22,1
bmssp,medium,4427159357,438135608,3.788,15.625,,2.04553,22,1
dijkstra,medium,10839009531,3707273910,19.891,15.625,,3.21519,41,1
bellman_ford,medium,10839009531,3707273910,2082.338,2078.125,,3.21519,41,1
bmssp,medium,10839009531,3707273910,6.093,15.625,,3.21519,41,1
dijkstra,medium,1395796195,4591578002,10.538,0.0,,2.56373,29,1
bellman_ford,medium,1395796195,4591578002,2410.34,2406.25,,2.56373,29,1
bmssp,medium,1395796195,4591578002,5.036,0.0,,2.56373,29,1
dijkstra,long,5599322001,31003312,34.19,31.25,,5.33337,74,1
bellman_ford,long,5599322001,31003312,2718.768,2703.125,,5.33337,74,1
bmssp,long,5599322001,31003312,12.317,15.625,,5.33337,74,1
dijkstra,long,11066235303,1006743540,20.794,15.625,,3.67374,32,1
bellman_ford,long,11066235303,1006743540,2402.044,2406.25,,3.67374,32,1
bmssp,long,11066235303,1006743540,8.893,15.625,,3.67374,32,1
dijkstra,long,4429994180,966366733,32.264,31.25,,5.65551,60,1
bellman_ford,long,4429994180,966366733,2376.746,2328.125,,5.65551,60,1
bmssp,long,4429994180,966366733,13.929,15.625,,5.65551,60,1
dijkstra,long,5599365492,10568780256,33.293,31.25,,5.35448,57,1
bellman_ford,long,5599365492,10568780256,2592.647,2593.75,,5.35448,57,1
bmssp,long,5599365492,10568780256,16.13,15.625,,5.35448,57,1
dijkstra,long,6238247356,5599365094,35.322,31.25,,6.3252,102,1
bellman_ford,long,6238247356,5599365094,2949.863,2921.875,,6.3252,102,1
bmssp,long,6238247356,5599365094,16.33,15.625,,6.3252,102,1
dijkstra,long,4427185783,7571804854,1.554,0.0,,3.69162,24,1
bellman_ford,long,4427185783,7571804854,2850.522,2843.75,,3.69162,24,1
bmssp,long,4427185783,7571804854,1.032,0.0,,3.69162,24,1
dijkstra,long,3739418269,1428107862,25.857,31.25,,6.39698,82,1
bellman_ford,long,3739418269,1428107862,2452.39,2453.125,,6.39698,82,1
bmssp,long,3739418269,1428107862,12.018,0.0,,6.39698,82,1
dijkstra,long,30985883,3707267873,20.874,15.625,,4.39724,53,1
bellman_ford,long,30985883,3707267873,2331.493,2328.125,,4.39724,53,1
bmssp,long,30985883,3707267873,7.188,15.625,,4.39724,53,1
dijkstra,long,967482824,3707252260,32.322,31.25,,7.62228,90,1
bellman_ford,long,967482824,3707252260,2583.477,2546.875,,7.62228,90,1
bmssp,long,967482824,3707252260,13.113,15.625,,7.62228,90,1
dijkstra,long,6919726419,30971422,27.317,31.25,,7.3682,88,1
bellman_ford,long,6919726419,30971422,2384.895,2375.0,,7.3682,88,1
bmssp,long,6919726419,30971422,11.096,15.625,,7.3682,88,1
dijkstra,long,11066235303,5078140454,26.641,31.25,,4.52522,41,1
bellman_ford,long,11066235303,5078140454,2468.585,2453.125,,4.52522,41,1
bmssp,long,11066235303,5078140454,11.242,15.625,,4.52522,41,1
dijkstra,long,5600924457,3705950137,27.714,15.625,,5.87263,83,1
bellman_ford,long,5600924457,3705950137,2944.171,2953.125,,5.87263,83,1
bmssp,long,5600924457,3705950137,11.892,15.625,,5.87263,83,1
dijkstra,long,2357196256,9018986586,28.851,15.625,,5.61277,21,1
bellman_ford,long,2357196256,9018986586,2189.333,2203.125,,5.61277,21,1
bmssp,long,2357196256,9018986586,12.564,0.0,,5.61277,21,1
dijkstra,long,3269239343,3749342590,29.004,31.25,,4.76483,48,1
bellman_ford,long,3269239343,3749342590,1878.144,1890.625,,4.76483,48,1
bmssp,long,3269239343,3749342590,12.554,0.0,,4.76483,48,1
dijkstra,long,967482622,4427044503,31.383,31.25,,7.9275,77,1
bellman_ford,long,967482622,4427044503,2696.276,2703.125,,7.9275,77,1
bmssp,long,967482622,4427044503,12.901,15.625,,7.9275,77,1
dijkstra,long,6881692888,4427836653,12.352,15.625,,5.11979,90,1
bellman_ford,long,6881692888,4427836653,3762.069,3734.375,,5.11979,90,1
bmssp,long,6881692888,4427836653,5.691,15.625,,5.11979,90,1
dijkstra,long,10803411519,3707253210,41.539,46.875,,7.90395,99,1
bellman_ford,long,10803411519,3707253210,2338.602,2328.125,,7.90395,99,1
bmssp,long,10803411519,3707253210,16.962,15.625,,7.90395,99,1
dijkstra,long,4436520965,6189198289,22.046,31.25,,5.80369,51,1
bellman_ford,long,4436520965,6189198289,2035.357,2031.25,,5.80369,51,1
bmssp,long,4436520965,6189198289,10.698,15.625,,5.80369,51,1
dijkstra,long,30962834,4431881872,35.111,31.25,,5.95182,84,1
bellman_ford,long,30962834,4431881872,1931.83,1937.5,,5.95182,84,1
bmssp,long,30962834,4431881872,15.263,15.625,,5.95182,84,1
dijkstra,long,10810783810,10785796385,13.932,15.625,,5.94645,44,1
bellman_ford,long,10810783810,10785796385,3785.696,3781.25,,5.94645,44,1
bmssp,long,10810783810,10785796385,6.065,0.0,,5.94645,44,1
dijkstra,long,11253684959,1010593005,38.576,46.875,,5.94752,84,1
bellman_ford,long,11253684959,1010593005,2206.566,2203.125,,5.94752,84,1
bmssp,long,11253684959,1010593005,18.93,15.625,,5.94752,84,1
dijkstra,long,967496044,6089155843,32.139,46.875,,6.52723,85,1
bellman_ford,long,967496044,6089155843,2684.733,2671.875,,6.52723,85,1
bmssp,long,967496044,6089155843,13.375,15.625,,6.52723,85,1
dijkstra,long,7466994816,2340703493,36.879,46.875,,7.96012,98,1
bellman_ford,long,7466994816,2340703493,3100.917,3046.875,,7.96012,98,1
bmssp,long,7466994816,2340703493,19.927,15.625,,7.96012,98,1
dijkstra,long,5600850669,4427197806,28.771,31.25,,4.43805,66,1
bellman_ford,long,5600850669,4427197806,1915.13,1921.875,,4.43805,66,1
bmssp,long,5600850669,4427197806,11.342,15.625,,4.43805,66,1
dijkstra,long,3241425152,10801202477,18.333,15.625,,4.24756,51,1
bellman_ford,long,3241425152,10801202477,2589.789,2578.125,,4.24756,51,1
bmssp,long,3241425152,10801202477,8.348,0.0,,4.24756,51,1
dijkstra,long,6924126911,967570670,20.728,31.25,,6.15749,88,1
bellman_ford,long,6924126911,967570670,2978.055,2953.125,,6.15749,88,1
bmssp,long,6924126911,967570670,7.797,15.625,,6.15749,88,1
dijkstra,long,30966042,3269626520,20.051,15.625,,4.52965,55,1
bellman_ford,long,30966042,3269626520,2018.912,2015.625,,4.52965,55,1
bmssp,long,30966042,3269626520,8.54,15.625,,4.52965,55,1
dijkstra,long,6202572379,30985053,12.67,15.625,,6.07099,62,1
bellman_ford,long,6202572379,30985053,2565.665,2546.875,,6.07099,62,1
bmssp,long,6202572379,30985053,5.416,0.0,,6.07099,62,1
dijkstra,long,10552815997,6089155843,17.654,15.625,,7.68511,81,1
bellman_ford,long,10552815997,6089155843,2660.306,2656.25,,7.68511,81,1
bmssp,long,10552815997,6089155843,7.784,0.0,,7.68511,81,1
dijkstra,long,3707253141,4431946121,37.212,46.875,,7.2728,105,1
bellman_ford,long,3707253141,4431946121,2025.349,2000.0,,7.2728,105,1
bmssp,long,3707253141,4431946121,15.687,15.625,,7.2728,105,1
dijkstra,long,6858462237,31003287,18.584,15.625,,6.3752,81,1
bellman_ford,long,6858462237,31003287,2332.888,2343.75,,6.3752,81,1
bmssp,long,6858462237,31003287,8.097,0.0,,6.3752,81,1
dijkstra,long,4431946139,2357195967,43.128,46.875,,5.88832,86,1
bellman_ford,long,4431946139,2357195967,3124.79,3109.375,,5.88832,86,1
bmssp,long,4431946139,2357195967,15.145,15.625,,5.88832,86,1
dijkstra,long,3829274770,10577985428,34.698,31.25,,6.22187,99,1
bellman_ford,long,3829274770,10577985428,2080.141,2078.125,,6.22187,99,1
bmssp,long,3829274770,10577985428,22.341,15.625,,6.22187,99,1
dijkstra,long,3696199586,803941758,44.127,46.875,,5.64463,78,1
bellman_ford,long,3696199586,803941758,2116.841,2109.375,,5.64463,78,1
bmssp,long,3696199586,803941758,17.309,15.625,,5.64463,78,1
dijkstra,long,6992919764,3241425139,7.371,0.0,,4.37813,61,1
bellman_ford,long,6992919764,3241425139,3235.119,3234.375,,4.37813,61,1
bmssp,long,6992919764,3241425139,2.891,0.0,,4.37813,61,1
dijkstra,long,3749345954,30962248,38.967,46.875,,7.74162,72,1
bellman_ford,long,3749345954,30962248,2960.24,2953.125,,7.74162,72,1
bmssp,long,3749345954,30962248,11.6,15.625,,7.74162,72,1
dijkstra,long,4429994170,6238179730,37.884,46.875,,6.85956,54,1
bellman_ford,long,4429994170,6238179730,2293.358,2281.25,,6.85956,54,1
bmssp,long,4429994170,6238179730,15.923,15.625,,6.85956,54,1
dijkstra,long,3736372348,5600926726,17.717,31.25,,3.94699,43,1
bellman_ford,long,3736372348,5600926726,2897.038,2859.375,,3.94699,43,1
bmssp,long,3736372348,5600926726,15.756,15.625,,3.94699,43,1
dijkstra,long,3705942003,4993672623,28.388,31.25,,4.29013,59,1
bellman_ford,long,3705942003,4993672623,2025.74,2031.25,,4.29013,59,1
bmssp,long,3705942003,4993672623,8.5,0.0,,4.29013,59,1
dijkstra,long,30984814,4435313919,24.452,31.25,,5.4176,58,1
bellman_ford,long,30984814,4435313919,1806.924,1812.5,,5.4176,58,1
bmssp,long,30984814,4435313919,10.783,0.0,,5.4176,58,1
dijkstra,long,5600850673,5600926629,36.299,46.875,,5.75195,67,1
bellman_ford,long,5600850673,5600926629,1979.443,1968.75,,5.75195,67,1
bmssp,long,5600850673,5600926629,10.984,15.625,,5.75195,67,1
dijkstra,long,10239311971,5600850991,24.609,31.25,,5.94231,77,1
bellman_ford,long,10239311971,5600850991,2468.379,2468.75,,5.94231,77,1
bmssp,long,10239311971,5600850991,12.38,0.0,,5.94231,77,1
dijkstra,long,10806544541,9575372340,22.578,31.25,,7.72683,62,1
bellman_ford,long,10806544541,9575372340,2548.332,2515.625,,7.72683,62,1
bmssp,long,10806544541,9575372340,10.127,15.625,,7.72683,62,1
dijkstra,long,5600925732,3707239294,36.486,31.25,,7.5045,111,1
bellman_ford,long,5600925732,3707239294,2907.381,2906.25,,7.5045,111,1
bmssp,long,5600925732,3707239294,15.47,15.625,,7.5045,111,1
dijkstra,long,31000790,10783592449,31.22,31.25,,6.38784,74,1
bellman_ford,long,31000790,10783592449,1921.379,1921.875,,6.38784,74,1
bmssp,long,31000790,10783592449,12.768,15.625,,6.38784,74,1
dijkstra,long,3707248845,6238179715,32.17,31.25,,5.97513,44,1
bellman_ford,long,3707248845,6238179715,2382.513,2390.625,,5.97513,44,1
bmssp,long,3707248845,6238179715,13.315,15.625,,5.97513,44,1
dijkstra,long,1005765797,588513701,22.963,15.625,,4.03518,49,1
bellman_ford,long,1005765797,588513701,2402.482,2406.25,,4.03518,49,1
bmssp,long,1005765797,588513701,11.533,15.625,,4.03518,49,1
dijkstra,long,30964783,30965630,44.231,31.25,,5.61313,73,1
bellman_ford,long,30964783,30965630,1859.544,1796.875,,5.61313,73,1
bmssp,long,30964783,30965630,14.552,15.625,,5.61313,73,1
dijkstra,long,4429994171,5877112595,35.498,46.875,,6.46639,70,1
bellman_ford,long,4429994171,5877112595,2469.991,2437.5,,6.46639,70,1
bmssp,long,4429994171,5877112595,16.623,15.625,,6.46639,70,1
dijkstra,long,4437857739,8051802650,25.072,31.25,,6.44295,25,1
bellman_ford,long,4437857739,8051802650,2471.667,2453.125,,6.44295,25,1
bmssp,long,4437857739,8051802650,10.932,0.0,,6.44295,25,1
